Workbook

Sheet 00_記入ガイド
A1: スケジュール遅延リカバリ計画 記入ガイド
A2: 本ブックは、遅延の発生した案件について「状況／原因／リカバリ策／新スケジュール／影響」を顧客（発注元）へご報告するための汎用テンプレートです。
A4: 1. 作成手順（この順番で埋めると矛盾が出ません）
A5: STEP | B5: 対象シート | C5: 作業内容
A6: STEP 1 | B6: 02_遅延状況 | C6: 遅延しているタスクを洗い出し、当初日程と実績／見込日程を入れる。遅延日数は自動計算されます。
A7: STEP 2 | B7: 03_原因分析 | C7: STEP1の各タスクについて、事象→直接原因→真因（なぜなぜ）を分解し、再発防止策まで書く。
A8: STEP 3 | B8: 04_リカバリ施策 | C8: 打てる手を列挙し、短縮見込日数・追加コスト・品質リスクを見積る。採否を決め、案A/B/Cとして比較表にまとめる。
A9: STEP 4 | B9: 05_新スケジュール | C9: 採用施策を織り込んだ新しいマイルストーンと最終納品日を確定させる。前提条件は必ず明記。
A10: STEP 5 | B10: 06_影響・リスク | C10: 納期・コスト・品質・体制への影響を整理し、リカバリ計画自体のリスクと対応策を洗い出す。
A11: STEP 6 | B11: 07_アクション管理 | C11: 誰が・何を・いつまでに を確定。以後はこのシートで進捗を管理します。
A12: STEP 7 | B12: 01_サマリ | C12: 最後にサマリを記入。数値は各シートから自動参照されるため、文章欄（趣旨・原因・方針・お願い）だけ埋めます。
A13: STEP 8 | B13: 08_週次モニタリング | C13: 計画確定後、週次で計画／実績を入力し、回復状況をお客様へ定点報告します。
A15: 2. セルの色の意味
B16: 区分 | C16: 説明
B17: 記入セル（淡黄・青文字） | C17: ご自身で入力する欄です。ここだけ埋めれば資料が完成します。
B18: 自動計算セル（淡灰・黒文字） | C18: 数式が入っています。上書きしないでください（遅延日数・合計・件数など）。
B19: 記入例（淡橙・斜体） | C19: 書き方のサンプルです。各表の1行目に1件だけ入れています。提出前に必ず削除してください。
B20: 見出し（濃紺・白文字） | C20: 表の項目名です。列を増減する場合のみ編集してください。
A22: 3. 社外（お客様）へ提出する際の注意
A23: ・ | B23: 「01_サマリ」「05_新スケジュール」「06_影響・リスク」を中心に提出し、社内検討過程を含むシートは必要に応じて非表示または削除する。
A24: ・ | B24: 「03_原因分析」の“責任区分”は社内での整理用です。契約・請求に直結するため、提出可否は営業／契約担当と必ず事前確認する。
A25: ・ | B25: 原因はまず自社側の管理不足として記述し、お客様起因の事項は事実（依頼日・回答日等）ベースで淡々と併記する。断定・感情的表現は避ける。
A26: ・ | B26: 新納期は必ず「前提条件つき」で提示する（例：〇月〇日までにご承認いただけた場合）。前提が崩れた際の扱いも明記する。
A27: ・ | B27: 確定していない数字は空欄のままにせず「調整中（〇月〇日回答予定）」と記載し、次回報告日をセットで示す。
A28: ・ | B28: 記入例の行（淡橙・斜体）が残っていないか、提出前に全シートを確認する。
A30: 4. 提出前チェックリスト
A31: No | B31: 確認項目 | C31: 確認状況 | D31: 確認者 | E31: 確認日 | F31: 備考
A32: 1 | B32: 遅延しているタスクを漏れなく洗い出したか（クリティカルパス上のタスクを含む）
A33: 2 | B33: 遅延日数と新納期の差異が、各シート間で一致しているか
A34: 3 | B34: リカバリ施策の短縮日数の根拠（増員・並行作業・スコープ調整）を説明できるか
A35: 4 | B35: 追加コストの負担者（自社／お客様）について社内合意が取れているか
A36: 5 | B36: 品質を犠牲にする施策になっていないか（テスト削減等を含む場合はリスクを明示したか）
A37: 6 | B37: お客様にご判断いただきたい事項が、期限つきで明記されているか
A38: 7 | B38: 新スケジュールの前提条件を明記したか
A39: 8 | B39: 再発防止策と、その実施時期・責任者を明記したか
A40: 9 | B40: 記入例の行をすべて削除したか
A41: 10 | B41: 社内承認（作成／確認／承認）を得たか

Sheet 01_サマリ
A1: スケジュール遅延に関するご報告とリカバリ計画（サマリ）
A2: お客様へ最初にお見せする1枚です。数値は他シートから自動参照されます。文章欄（黄色）のみご記入ください。
A4: 案件情報
A5: 案件名 | F5: 文書番号
A6: お客様名 | F6: 報告日
A7: 契約・注文番号 | F7: 版数
A8: 作成部署 | F8: 作成者
A10: 1. 現状サマリ（数値は自動計算）
A11: 項目 | B11: 内容 | C11: 参照元
A12: 当初のお約束納期 | B12: =IF('05_新スケジュール'!B5="","",'05_新スケジュール'!B5) | C12: 05_新スケジュール B5
A13: 現時点の完了見込（対策前） | C13: 手入力（対策を打たない場合の着地見込）
A14: 遅延日数（対策前） | B14: =IF(OR(B12="",B13=""),"",B13-B12) | C14: 自動計算
A15: リカバリ後の納品予定日 | B15: =IF('05_新スケジュール'!C5="","",'05_新スケジュール'!C5) | C15: 05_新スケジュール C5
A16: リカバリによる短縮見込 | B16: =IF('04_リカバリ施策'!B4="","",'04_リカバリ施策'!B4) | C16: 04_リカバリ施策（採用施策の合計）
A17: 最終的な納期差異 | B17: =IF(OR(B12="",B15=""),"",B15-B12) | C17: 自動計算（0なら納期内に回復）
A18: 遅延タスク件数 | B18: =IF('02_遅延状況'!B4="","",'02_遅延状況'!B4) | C18: 02_遅延状況
A19: うちクリティカルパス上 | B19: =IF('02_遅延状況'!F4="","",'02_遅延状況'!F4) | C19: 02_遅延状況
A20: 追加費用（見込） | B20: =IF('04_リカバリ施策'!D4="","",'04_リカバリ施策'!D4) | C20: 04_リカバリ施策（採用施策の合計）
A22: 2. ご報告の趣旨
A23: 例）〇〇システム構築におきまして、結合テスト工程に遅れが生じ、当初お約束の納期を〇日超過する見込みとなりました。原因と回復計画をご報告し、あわせてご判断をお願いしたい事項をご説明いたします。
A25: 3. 遅延の状況
A26: 例）〇月〇日時点で、全〇工程のうち〇工程が計画比〇日遅れ。特に△△機能の結合テストがクリティカルパス上にあり、後続の受入テスト開始日に影響します。（詳細は「02_遅延状況」）
A28: 4. 主な原因
A29: 例）①要件確定の長期化により設計着手が〇日後ろ倒しとなった ②想定を上回る不具合密度によりテスト工数が〇%増加した ③当社の進捗管理において、遅延の兆候を検知する頻度が不足していた。（詳細は「03_原因分析」）
A31: 5. リカバリ方針
A32: 例）①要員を〇名増員し△△工程を並行実施 ②〇〇機能を第2次リリースへ分割 ③テスト自動化により回帰試験を短縮。これにより〇日短縮し、〇月〇日の納品を見込みます。（詳細は「04_リカバリ施策」「05_新スケジュール」）
A34: 6. お客様にご判断・ご協力をお願いしたい事項
A35: 例）①スコープ分割（第2次リリース）のご承認：〇月〇日までにご回答いただけますと計画どおり回復可能です ②受入テスト環境のご準備：〇月〇日まで ③仕様確認事項へのご回答：原則2営業日以内
A37: 7. 再発防止と今後の報告体制
A38: 例）進捗会議を週次から週2回へ変更し、遅延の兆候を早期に検知します。毎週〇曜日に「08_週次モニタリング」の内容をご報告いたします。
A40: 社内承認欄
A41: 承認 | B41: 確認 | C41: 作成

Sheet 02_遅延状況
A1: 遅延状況一覧
A2: 遅延しているタスクを洗い出します。当初日程と実績／見込日程を入れると「遅延日数」（暦日。土日・休日も数えます）は自動計算されます。1行目は記入例です（提出前に削除）。
A4: 遅延タスク件数 | B4: =COUNTIF(I8:I37,">0") | C4: 最大遅延日数 | D4: =IF(COUNT(I8:I37)=0,"",MAX(I8:I37)) | E4: うちCP上の遅延 | F4: =COUNTIFS(K8:K37,"該当",I8:I37,">0") | G4: 平均進捗率 | H4: =IF(COUNT(J8:J37)=0,"",AVERAGE(J8:J37)) | I4: ※CP＝クリティカルパス。件数は記入例行を除いて集計します。
A6: No | B6: WBS No | C6: 工程・タスク名 | D6: 担当 | E6: 当初開始日 | F6: 当初終了日 | G6: 実績／見込開始日 | H6: 実績／見込終了日 | I6: 遅延日数（暦日） | J6: 進捗率 | K6: クリティカルパス | L6: 遅延要因区分 | M6: 後続工程への影響 | N6: 備考
A7: 1 | B7: 3.2.1 | C7: △△機能 結合テスト | D7: 自社／〇〇 | E7: 46174 | F7: 46192 | G7: 46181 | H7: 46206 | I7: =IF(OR(F7="",H7=""),"",H7-F7) | J7: 0.45 | K7: 該当 | L7: 品質不良（不具合多発） | M7: 受入テスト開始が10営業日後ろ倒し | N7: 不具合密度が想定の1.8倍
I8: =IF(OR(F8="",H8=""),"",H8-F8)
I9: =IF(OR(F9="",H9=""),"",H9-F9)
I10: =IF(OR(F10="",H10=""),"",H10-F10)
I11: =IF(OR(F11="",H11=""),"",H11-F11)
I12: =IF(OR(F12="",H12=""),"",H12-F12)
I13: =IF(OR(F13="",H13=""),"",H13-F13)
I14: =IF(OR(F14="",H14=""),"",H14-F14)
I15: =IF(OR(F15="",H15=""),"",H15-F15)
I16: =IF(OR(F16="",H16=""),"",H16-F16)
I17: =IF(OR(F17="",H17=""),"",H17-F17)
I18: =IF(OR(F18="",H18=""),"",H18-F18)
I19: =IF(OR(F19="",H19=""),"",H19-F19)
... I37: =IF(OR(F37="",H37=""),"",H37-F37)

Sheet 03_原因分析
A1: 原因分析（なぜなぜ・再発防止）
A2: 事象と原因を切り分けます。「真因」まで掘り下げないと再発防止策が対症療法になります。※“責任区分”は社内整理用です。社外提出時は取扱いにご注意ください。
A4: No | B4: 対象WBS No | C4: 事象（発生した事実） | D4: 直接原因 | E4: なぜ① | F4: なぜ② | G4: 真因（仕組み・体制上の原因） | H4: 原因分類 | I4: 責任区分 | J4: 再発防止策 | K4: 実施時期 | L4: 責任者
A5: 1 | B5: 3.2.1 | C5: 結合テストで想定の1.8倍の不具合が発生し、消化が計画比10日遅れた。 | D5: 単体テストの網羅性が不足していた。 | E5: テスト観点表のレビューを省略したため。 | F5: 設計遅れを吸収するため、レビュー工程を短縮する判断を現場が単独で行ったため。 | G5: 工程短縮の判断基準とエスカレーション基準が定義されておらず、品質工程の削減が可視化されない体制であった。 | H5: プロセス | I5: 自社 | J5: 工程短縮はPM承認を必須とし、品質ゲートのチェックリストを標準化する。 | K5: 2026年7月中 | L5: PM 〇〇

Sheet 04_リカバリ施策
A1: リカバリ施策一覧と案の比較
A2: 打てる手をすべて出し、短縮日数・追加コスト・品質リスクで評価します。「採否」を“採用”にした施策のみが上部の合計と01_サマリに反映されます。
A4: 採用施策の短縮見込合計 | B4: =SUMIF(I8:I27,"採用",E8:E27) | C4: 追加コスト合計 | D4: =SUMIF(I8:I27,"採用",F8:F27) | E4: 採用件数 | F4: =COUNTIF(I8:I27,"採用") | G4: 検討中件数 | H4: =COUNTIF(I8:I27,"検討中") | I4: ※短縮日数は単純合算です。同一タスクへの重複計上・並行実施の限界に注意してください。
A6: No | B6: 施策名 | C6: 対象WBS No | D6: 施策の内容 | E6: 短縮見込日数 | F6: 追加コスト | G6: 品質・リスクへの影響 | H6: 前提条件／必要な意思決定 | I6: 採否 | J6: 担当 | K6: 開始予定 | L6: 完了予定
A7: 1 | B7: 結合テスト要員の増員 | C7: 3.2.1 | D7: 経験者2名を7/1から4週間投入し、不具合修正と再テストを並行実施する。 | E7: 6 | F7: 1800000 | G7: 立ち上がり期間中は品質確認の負荷が増えるため、レビュー体制を強化して吸収する。 | H7: 6/25までに要員確保の社内承認が必要。お客様のご負担は発生しない（自社負担）。 | I7: 採用 | J7: PM 〇〇 | K7: 46204 | L7: 46231
A29: リカバリ案の比較（お客様にご判断いただく際の材料）
A30: 比較項目 | B30: 案A（自社対応で吸収） | D30: 案B（スコープ分割） | F30: 案C（納期変更） | H30: 推奨・コメント
A31: 方針の概要 | B31: 増員・並行作業により当初納期を維持する。 | D31: 一部機能を第2次リリースへ分割し、主要機能の納期を維持する。 | F31: 全機能を維持し、納期を〇日延伸する。
A32: 主な施策 | B32: 要員2名増員／テスト自動化 | D32: 〇〇機能を第2次へ／受入範囲の見直し | F32: 工程再計画のみ
A33: 短縮見込日数 | H33: 04上表の採用施策合計と整合させる
A34: 追加コスト | H34: 負担者（自社／貴社）を必ず明記
A35: 品質リスク | B35: 中（短期投入による立上げ負荷） | D35: 低 | F35: 低
A36: お客様へのご負担 | B36: なし | D36: 第2次リリースの受入体制が別途必要 | F36: 業務開始時期の後ろ倒し
A37: 推奨度 | B37: ◎ | D37: 〇 | F37: △ | H37: 推奨案とその理由を明記

Sheet 05_新スケジュール
A1: 新スケジュール（変更後マイルストーン）
A2: 採用施策を織り込んだ新しい日程です。B5／C5の最終納品日は「01_サマリ」に自動連携します。前提条件は必ず明記してください。
A4: 最終納品日（この2セルが 01_サマリ に連携します）
A5: 最終納品日 | D5: =IF(OR(B5="",C5=""),"",C5-B5) | E5: ←（当初）B5 （変更後）C5 （差異）D5
A7: No | B7: マイルストーン | C7: 当初計画日 | D7: 変更後計画日 | E7: 差異 | F7: 状態 | G7: 前提条件・条件付き事項 | H7: 備考
A8: 1 | B8: 結合テスト完了 | C8: 46192 | D8: 46206 | E8: =IF(OR(C8="",D8=""),"",D8-C8) | F8: 変更 | G8: 7/1からの増員2名が確保できること | H8: クリティカルパス上
E9: =IF(OR(C9="",D9=""),"",D9-C9)
E10: =IF(OR(C10="",D10=""),"",D10-C10)
E11: =IF(OR(C11="",D11=""),"",D11-C11)
E12: =IF(OR(C12="",D12=""),"",D12-C12)
E13: =IF(OR(C13="",D13=""),"",D13-C13)
E14: =IF(OR(C14="",D14=""),"",D14-C14)
E15: =IF(OR(C15="",D15=""),"",D15-C15)
E16: =IF(OR(C16="",D16=""),"",D16-C16)
E17: =IF(OR(C17="",D17=""),"",D17-C17)
E18: =IF(OR(C18="",D18=""),"",D18-C18)
E19: =IF(OR(C19="",D19=""),"",D19-C19)
E20: =IF(OR(C20="",D20=""),"",D20-C20)
... E27: =IF(OR(C27="",D27=""),"",D27-C27)
A29: 本スケジュールの前提条件（崩れた場合は再計画が必要です）
A30: ・ | B30: 例）7月1日までに増員2名が着任できること
A31: ・ | B31: 例）〇月〇日までにスコープ分割についてご承認をいただけること
A32: ・ | B32: 例）仕様に関するご質問への回答を、原則2営業日以内にいただけること
A33: ・ | B33: 例）受入テスト環境を〇月〇日までにご準備いただけること
A34: ・

Sheet 06_影響・リスク
A1: 遅延による影響評価とリカバリ計画のリスク
A2: 上段＝遅延そのものの影響、下段＝リカバリ計画を実行する際に新たに生じるリスクです。リスクスコアは 発生確率×影響度 で自動計算されます。
A4: 1. 遅延による影響評価
A5: 区分 | B5: 影響の内容 | D5: 定量的な影響 | F5: 対応方針
A6: 納期 | B6: 例）受入テスト開始が10営業日後ろ倒しとなる。 | D6: 例）納品：6/30 → 7/14（10営業日） | F6: 例）増員と並行実施により7/7まで短縮。
A7: コスト
A8: 品質
A9: 体制・要員
A10: お客様業務・後続案件
A11: 契約・支払条件
A13: 2. リカバリ計画のリスク一覧
A14: No | B14: リスクの内容 | C14: 発生確率 | D14: 影響度 | E14: スコア | F14: 対応策（予防／発生時） | G14: 対応期限 | H14: 担当 | I14: 状態 | K14: 換算 | L14: 値
A15: 1 | B15: 増員した要員の立ち上がりが遅れ、期待した短縮日数を確保できない。 | C15: 中 | D15: 高 | E15: =IF(OR(C15="",D15=""),"",IFERROR(INDEX($L$15:$L$17,MATCH(C15,$K$15:$K$17,0))*INDEX($L$15:$L$17,MATCH(D15,$K$15:$K$17,0)),"")) | F15: 予防：着任前に設計書レビュー会を実施。発生時：〇〇機能を第2次リリースへ切り出す。 | G15: 46213 | H15: PM 〇〇 | I15: 対応中 | K15: 低 | L15: 1
E16: =IF(OR(C16="",D16=""),"",IFERROR(INDEX($L$15:$L$17,MATCH(C16,$K$15:$K$17,0))*INDEX($L$15:$L$17,MATCH(D16,$K$15:$K$17,0)),"")) | K16: 中 | L16: 2
E17: =IF(OR(C17="",D17=""),"",IFERROR(INDEX($L$15:$L$17,MATCH(C17,$K$15:$K$17,0))*INDEX($L$15:$L$17,MATCH(D17,$K$15:$K$17,0)),"")) | K17: 高 | L17: 3
E18: =IF(OR(C18="",D18=""),"",IFERROR(INDEX($L$15:$L$17,MATCH(C18,$K$15:$K$17,0))*INDEX($L$15:$L$17,MATCH(D18,$K$15:$K$17,0)),"")) | K18: ※スコア＝確率×影響（1〜9）
E19: =IF(OR(C19="",D19=""),"",IFERROR(INDEX($L$15:$L$17,MATCH(C19,$K$15:$K$17,0))*INDEX($L$15:$L$17,MATCH(D19,$K$15:$K$17,0)),""))
E20: =IF(OR(C20="",D20=""),"",IFERROR(INDEX($L$15:$L$17,MATCH(C20,$K$15:$K$17,0))*INDEX($L$15:$L$17,MATCH(D20,$K$15:$K$17,0)),""))
E21: =IF(OR(C21="",D21=""),"",IFERROR(INDEX($L$15:$L$17,MATCH(C21,$K$15:$K$17,0))*INDEX($L$15:$L$17,MATCH(D21,$K$15:$K$17,0)),""))
E22: =IF(OR(C22="",D22=""),"",IFERROR(INDEX($L$15:$L$17,MATCH(C22,$K$15:$K$17,0))*INDEX($L$15:$L$17,MATCH(D22,$K$15:$K$17,0)),""))
E23: =IF(OR(C23="",D23=""),"",IFERROR(INDEX($L$15:$L$17,MATCH(C23,$K$15:$K$17,0))*INDEX($L$15:$L$17,MATCH(D23,$K$15:$K$17,0)),""))
E24: =IF(OR(C24="",D24=""),"",IFERROR(INDEX($L$15:$L$17,MATCH(C24,$K$15:$K$17,0))*INDEX($L$15:$L$17,MATCH(D24,$K$15:$K$17,0)),""))
E25: =IF(OR(C25="",D25=""),"",IFERROR(INDEX($L$15:$L$17,MATCH(C25,$K$15:$K$17,0))*INDEX($L$15:$L$17,MATCH(D25,$K$15:$K$17,0)),""))
E26: =IF(OR(C26="",D26=""),"",IFERROR(INDEX($L$15:$L$17,MATCH(C26,$K$15:$K$17,0))*INDEX($L$15:$L$17,MATCH(D26,$K$15:$K$17,0)),""))
E27: =IF(OR(C27="",D27=""),"",IFERROR(INDEX($L$15:$L$17,MATCH(C27,$K$15:$K$17,0))*INDEX($L$15:$L$17,MATCH(D27,$K$15:$K$17,0)),""))
E28: =IF(OR(C28="",D28=""),"",IFERROR(INDEX($L$15:$L$17,MATCH(C28,$K$15:$K$17,0))*INDEX($L$15:$L$17,MATCH(D28,$K$15:$K$17,0)),""))
E29: =IF(OR(C29="",D29=""),"",IFERROR(INDEX($L$15:$L$17,MATCH(C29,$K$15:$K$17,0))*INDEX($L$15:$L$17,MATCH(D29,$K$15:$K$17,0)),""))
E30: =IF(OR(C30="",D30=""),"",IFERROR(INDEX($L$15:$L$17,MATCH(C30,$K$15:$K$17,0))*INDEX($L$15:$L$17,MATCH(D30,$K$15:$K$17,0)),""))

Sheet 07_アクション管理
A1: アクション管理（誰が・何を・いつまでに）
A2: リカバリ施策・再発防止策・お客様へのご依頼事項をすべてここに集約し、以後の進捗はこのシートで管理します。
A4: 全アクション | B4: =COUNTA(D8:D37) | C4: 完了 | D4: =COUNTIF(G8:G37,"完了") | E4: 対応中 | F4: =COUNTIF(G8:G37,"対応中") | G4: 期限超過 | H4: =SUMPRODUCT((F8:F37<>"")*(G8:G37<>"完了")*(F8:F37<TODAY())) | I4: ※期限超過は本日基準で自動判定されます。
A6: No | B6: 区分 | C6: 関連No | D6: アクション内容 | E6: 担当 | F6: 期限 | G6: 状態 | H6: 完了日 | I6: 期限差異 | J6: 備考
A7: 1 | B7: リカバリ施策 | C7: 04-1 | D7: 結合テスト要員2名の確保と着任手続きを完了させる。 | E7: 自社／〇〇部長 | F7: 46198 | G7: 対応中 | I7: =IF(OR(F7="",H7=""),"",H7-F7) | J7: 6/20時点で1名確保済
I8: =IF(OR(F8="",H8=""),"",H8-F8)
I9: =IF(OR(F9="",H9=""),"",H9-F9)
I10: =IF(OR(F10="",H10=""),"",H10-F10)
I11: =IF(OR(F11="",H11=""),"",H11-F11)
I12: =IF(OR(F12="",H12=""),"",H12-F12)
I13: =IF(OR(F13="",H13=""),"",H13-F13)
I14: =IF(OR(F14="",H14=""),"",H14-F14)
I15: =IF(OR(F15="",H15=""),"",H15-F15)
I16: =IF(OR(F16="",H16=""),"",H16-F16)
I17: =IF(OR(F17="",H17=""),"",H17-F17)
I18: =IF(OR(F18="",H18=""),"",H18-F18)
I19: =IF(OR(F19="",H19=""),"",H19-F19)
... I37: =IF(OR(F37="",H37=""),"",H37-F37)

Sheet 08_週次モニタリング
A1: 週次モニタリング（回復状況の定点報告）
A2: 計画確定後、毎週このシートを更新してお客様へご報告します。累計・達成率・差異は自動計算されます。
A4: 週No | B4: 対象週（月曜） | C4: 計画完了タスク数 | D4: 実績完了タスク数 | E4: 差異 | F4: 累計計画 | G4: 累計実績 | H4: 達成率 | I4: 遅延回復日数 | J4: トピック・課題・お客様へのご依頼
A5: W1 | B5: 46195 | C5: 8 | D5: 6 | E5: =IF(OR(C5="",D5=""),"",D5-C5) | F5: =IF(C5="","",C5) | G5: =IF(D5="","",D5) | H5: =IF(OR(F5="",F5=0,G5=""),"",G5/F5) | I5: -2 | J5: 増員2名が6/24着任。立ち上がりに想定より時間を要し、2タスク未消化。翌週で挽回予定。
E6: =IF(OR(C6="",D6=""),"",D6-C6) | F6: =IF(C6="","",SUM($C$6:C6)) | G6: =IF(D6="","",SUM($D$6:D6)) | H6: =IF(OR(F6="",F6=0,G6=""),"",G6/F6)
E7: =IF(OR(C7="",D7=""),"",D7-C7) | F7: =IF(C7="","",SUM($C$6:C7)) | G7: =IF(D7="","",SUM($D$6:D7)) | H7: =IF(OR(F7="",F7=0,G7=""),"",G7/F7)
E8: =IF(OR(C8="",D8=""),"",D8-C8) | F8: =IF(C8="","",SUM($C$6:C8)) | G8: =IF(D8="","",SUM($D$6:D8)) | H8: =IF(OR(F8="",F8=0,G8=""),"",G8/F8)
E9: =IF(OR(C9="",D9=""),"",D9-C9) | F9: =IF(C9="","",SUM($C$6:C9)) | G9: =IF(D9="","",SUM($D$6:D9)) | H9: =IF(OR(F9="",F9=0,G9=""),"",G9/F9)
E10: =IF(OR(C10="",D10=""),"",D10-C10) | F10: =IF(C10="","",SUM($C$6:C10)) | G10: =IF(D10="","",SUM($D$6:D10)) | H10: =IF(OR(F10="",F10=0,G10=""),"",G10/F10)
E11: =IF(OR(C11="",D11=""),"",D11-C11) | F11: =IF(C11="","",SUM($C$6:C11)) | G11: =IF(D11="","",SUM($D$6:D11)) | H11: =IF(OR(F11="",F11=0,G11=""),"",G11/F11)
E12: =IF(OR(C12="",D12=""),"",D12-C12) | F12: =IF(C12="","",SUM($C$6:C12)) | G12: =IF(D12="","",SUM($D$6:D12)) | H12: =IF(OR(F12="",F12=0,G12=""),"",G12/F12)
E13: =IF(OR(C13="",D13=""),"",D13-C13) | F13: =IF(C13="","",SUM($C$6:C13)) | G13: =IF(D13="","",SUM($D$6:D13)) | H13: =IF(OR(F13="",F13=0,G13=""),"",G13/F13)
E14: =IF(OR(C14="",D14=""),"",D14-C14) | F14: =IF(C14="","",SUM($C$6:C14)) | G14: =IF(D14="","",SUM($D$6:D14)) | H14: =IF(OR(F14="",F14=0,G14=""),"",G14/F14)
E15: =IF(OR(C15="",D15=""),"",D15-C15) | F15: =IF(C15="","",SUM($C$6:C15)) | G15: =IF(D15="","",SUM($D$6:D15)) | H15: =IF(OR(F15="",F15=0,G15=""),"",G15/F15)
E16: =IF(OR(C16="",D16=""),"",D16-C16) | F16: =IF(C16="","",SUM($C$6:C16)) | G16: =IF(D16="","",SUM($D$6:D16)) | H16: =IF(OR(F16="",F16=0,G16=""),"",G16/F16)
E17: =IF(OR(C17="",D17=""),"",D17-C17) | F17: =IF(C17="","",SUM($C$6:C17)) | G17: =IF(D17="","",SUM($D$6:D17)) | H17: =IF(OR(F17="",F17=0,G17=""),"",G17/F17)
... E31: =IF(OR(C31="",D31=""),"",D31-C31) | F31: =IF(C31="","",SUM($C$6:C31)) | G31: =IF(D31="","",SUM($D$6:D31)) | H31: =IF(OR(F31="",F31=0,G31=""),"",G31/F31)
A33: ※「遅延回復日数」は、当初計画に対する遅れの増減をプラス（回復）／マイナス（悪化）で記入します。
